"row","supplier_name","organism","amikacin","chloramphenicol","ciprofloxacin","cotrimoxazole","gentamicin","meropenem"
"1","CAB10K","E. coli","Sensitive","Sensitive","Sensitive","Resistant","Sensitive","Sensitive"
"2","CAB10P","E. coli","Sensitive","Resistant","Resistant","Resistant","Sensitive","Sensitive"
"3","CAB10R","E. coli","Sensitive","Sensitive","Sensitive","Resistant","Sensitive","Sensitive"
"4","CAB10T","E. coli","Sensitive","Resistant","Resistant","Resistant","Resistant","Sensitive"
"5","CAB10W","E. coli","Sensitive","Sensitive","Resistant","Sensitive","Resistant","Sensitive"
"6","CAB10Z","E. coli","Sensitive","Sensitive","Resistant","Resistant","Resistant","Sensitive"
"7","CAB111","E. coli","Sensitive","Sensitive","Sensitive","Resistant","Resistant","Sensitive"
"8","CAB114","E. coli","Sensitive","Sensitive","Sensitive","Resistant","Sensitive","Sensitive"
"9","CAB116","E. coli","Sensitive","Resistant","Resistant","Resistant","Sensitive","Sensitive"
"10","CAB117","E. coli","Sensitive","Resistant","Resistant","Resistant","Resistant","Sensitive"
"11","CAB11B","KpSC","Sensitive","Resistant",NA,"Resistant","Resistant","Sensitive"
"12","CAB11D","E. coli","Sensitive","Sensitive","Resistant","Resistant","Sensitive","Sensitive"
"13","CAB11F","E. coli","Sensitive","Sensitive","Sensitive","Resistant","Sensitive","Sensitive"
"14","CAB11K","E. coli","Sensitive","Resistant","Resistant","Resistant","Resistant","Sensitive"
"15","CAB11P","E. coli","Sensitive","Resistant","Resistant","Resistant","Resistant",NA
"16","CAB11R","E. coli","Sensitive","Sensitive","Resistant","Resistant","Sensitive","Sensitive"
"17","CAB11X","E. coli","Sensitive","Sensitive","Sensitive","Resistant","Sensitive","Sensitive"
"18","CAB12D","E. coli","Sensitive","Sensitive","Resistant","Resistant","Resistant","Sensitive"
"19","CAB12E","E. coli","Sensitive","Sensitive","Sensitive","Resistant","Sensitive","Sensitive"
"20","CAB12F","E. coli","Sensitive","Sensitive","Sensitive","Resistant","Sensitive","Sensitive"
"21","CAB138","E. coli","Sensitive","Sensitive","Resistant","Resistant","Sensitive","Sensitive"
"22","CAB139","E. coli","Sensitive","Sensitive","Resistant","Resistant","Sensitive","Sensitive"
"23","CAB139","KpSC","Sensitive","Resistant","Resistant","Resistant","Resistant","Sensitive"
"24","CAB13C","E. coli","Sensitive","Sensitive","Resistant","Resistant","Sensitive","Sensitive"
"25","CAB13I","E. coli","Sensitive","Sensitive","Sensitive","Resistant","Sensitive","Sensitive"
"26","CAB13L","E. coli","Sensitive","Resistant","Resistant","Resistant","Resistant","Sensitive"
"27","CAB14X","E. coli","Sensitive","Sensitive","Sensitive","Resistant","Resistant","Sensitive"
"28","CAB14Y","E. coli","Sensitive","Sensitive","Resistant","Resistant","Resistant","Sensitive"
"29","CAB153","E. coli","Sensitive","Resistant","Resistant","Resistant","Resistant","Sensitive"
"30","CAB157","E. coli","Sensitive","Sensitive","Sensitive","Resistant","Resistant","Sensitive"
"31","CAB158","E. coli","Sensitive","Sensitive","Sensitive","Resistant","Sensitive","Sensitive"
"32","CAB159","E. coli","Sensitive","Resistant","Sensitive","Resistant","Resistant","Sensitive"
"33","CAB159","KpSC","Sensitive","Sensitive","Intermediate","Resistant","Sensitive","Sensitive"
"34","CAB15A","E. coli","Sensitive","Sensitive","Sensitive","Resistant","Resistant","Sensitive"
"35","CAB15B","E. coli","Sensitive","Sensitive","Resistant","Resistant","Resistant","Sensitive"
"36","CAB15B","KpSC","Sensitive","Sensitive","Sensitive","Resistant","Resistant","Sensitive"
"37","CAB15H","E. coli","Sensitive","Sensitive","Resistant","Resistant","Sensitive","Sensitive"
"38","CAB15M","E. coli","Sensitive","Resistant","Resistant","Resistant","Resistant","Sensitive"
"39","CAB15M","KpSC","Sensitive","Resistant","Resistant","Resistant","Resistant","Sensitive"
"40","CAB15P","E. coli","Sensitive","Sensitive","Sensitive","Resistant","Resistant","Sensitive"
"41","CAB15R","E. coli","Sensitive","Resistant","Resistant","Resistant","Sensitive","Sensitive"
"42","CAB15S","E. coli","Sensitive","Sensitive","Sensitive","Resistant","Sensitive","Sensitive"
"43","CAB15S","KpSC","Sensitive","Sensitive","Sensitive","Resistant","Resistant","Sensitive"
"44","CAB15T","E. coli","Sensitive","Sensitive","Resistant","Resistant","Sensitive","Sensitive"
"45","CAB15V","E. coli","Sensitive","Sensitive","Sensitive","Resistant","Sensitive","Sensitive"
"46","CAB15V","KpSC","Sensitive","Resistant","Sensitive","Resistant","Resistant","Sensitive"
"47","CAB15W","KpSC","Sensitive","Sensitive",NA,"Resistant","Resistant","Sensitive"
"48","CAB15Y","E. coli","Sensitive","Sensitive","Resistant","Resistant","Resistant","Sensitive"
"49","CAB15Z","E. coli","Sensitive","Sensitive","Resistant","Resistant","Resistant","Sensitive"
"50","CAB161","E. coli","Sensitive","Sensitive","Resistant","Resistant","Sensitive","Sensitive"
"51","CAB163","E. coli","Sensitive","Sensitive","Sensitive","Resistant","Sensitive","Sensitive"
"52","CAB163","KpSC","Sensitive","Resistant","Resistant","Resistant","Resistant","Sensitive"
"53","CAB164","E. coli","Sensitive","Sensitive","Resistant","Resistant","Resistant","Sensitive"
"54","CAB165","E. coli","Sensitive","Sensitive","Sensitive","Resistant","Sensitive","Sensitive"
"55","CAB166","KpSC","Sensitive","Sensitive","Sensitive","Resistant","Sensitive","Sensitive"
"56","CAB16A","KpSC","Sensitive","Sensitive","Sensitive","Resistant","Sensitive","Sensitive"
"57","CAB16C","E. coli","Sensitive","Sensitive","Sensitive","Sensitive","Sensitive","Sensitive"
"58","CAB16G","E. coli","Sensitive","Sensitive","Sensitive","Resistant","Sensitive","Sensitive"
"59","CAB16G","KpSC","Sensitive","Sensitive","Resistant","Resistant","Resistant","Sensitive"
"60","CAB16I","E. coli","Sensitive","Sensitive","Sensitive","Resistant","Sensitive","Sensitive"
"61","CAB16L","E. coli","Sensitive","Sensitive","Sensitive","Resistant","Sensitive","Sensitive"
"62","CAB16N","E. coli","Sensitive","Sensitive","Resistant","Resistant","Resistant","Sensitive"
"63","CAB16N","KpSC","Sensitive","Resistant","Resistant","Resistant","Resistant","Sensitive"
"64","CAB16R","E. coli","Sensitive","Sensitive","Resistant","Resistant","Sensitive","Sensitive"
"65","CAB16R","KpSC","Sensitive","Sensitive","Sensitive","Resistant","Resistant","Sensitive"
"66","CAB16W","E. coli","Sensitive","Resistant","Sensitive","Resistant","Sensitive","Sensitive"
"67","CAB16X","E. coli","Sensitive","Sensitive","Resistant","Resistant","Sensitive","Sensitive"
"68","CAB16Y","E. coli","Sensitive","Sensitive","Resistant","Resistant","Sensitive","Sensitive"
"69","CAB170","E. coli","Sensitive","Sensitive","Resistant","Resistant","Resistant","Sensitive"
"70","CAB170","KpSC","Sensitive","Sensitive","Resistant","Resistant","Resistant","Sensitive"
"71","CAB171","E. coli","Sensitive","Sensitive","Sensitive","Resistant","Sensitive","Sensitive"
"72","CAB17M","E. coli","Sensitive","Sensitive","Resistant","Resistant","Sensitive","Sensitive"
"73","CAB17M","KpSC","Sensitive","Sensitive","Resistant","Resistant","Resistant","Sensitive"
"74","CAB17N","KpSC","Sensitive","Resistant",NA,"Resistant","Sensitive","Sensitive"
"75","CAB17P","KpSC","Sensitive","Resistant",NA,"Resistant","Resistant","Sensitive"
"76","CAB17Q","E. coli","Sensitive","Sensitive","Resistant","Resistant","Sensitive","Sensitive"
"77","CAB17R","E. coli","Sensitive","Sensitive","Resistant","Resistant","Resistant","Sensitive"
"78","CAB17S","E. coli","Sensitive","Resistant","Sensitive","Resistant","Sensitive","Sensitive"
"79","CAB17U","E. coli","Resistant","Resistant","Resistant","Resistant","Resistant","Sensitive"
"80","CAB17W","E. coli","Sensitive","Resistant","Resistant","Resistant","Resistant","Sensitive"
"81","CAB17W","KpSC","Sensitive","Resistant","Sensitive","Resistant","Resistant","Sensitive"
"82","CAB180","E. coli","Sensitive","Resistant","Resistant","Resistant","Sensitive","Sensitive"
"83","CAB180","KpSC","Sensitive","Sensitive","Intermediate","Resistant","Sensitive","Sensitive"
"84","CAB181","E. coli","Sensitive","Sensitive","Sensitive","Resistant","Sensitive","Sensitive"
"85","CAB182","E. coli","Sensitive","Sensitive","Intermediate","Resistant","Sensitive","Sensitive"
"86","CAB183","E. coli","Sensitive","Sensitive","Sensitive","Resistant","Sensitive","Sensitive"
"87","CAB183","KpSC","Sensitive","Sensitive","Resistant","Resistant","Resistant","Sensitive"
"88","CAB184","E. coli","Sensitive","Sensitive","Resistant","Resistant","Resistant","Sensitive"
"89","CAB188","E. coli","Sensitive","Sensitive","Resistant","Resistant","Sensitive","Sensitive"
"90","CAB188","KpSC","Sensitive","Resistant","Sensitive","Resistant","Sensitive","Sensitive"
"91","CAB189","E. coli","Sensitive","Sensitive","Sensitive","Resistant","Sensitive","Sensitive"
"92","CAB18A","E. coli","Sensitive","Resistant","Resistant","Resistant","Resistant","Sensitive"
"93","CAB18C","E. coli","Sensitive","Resistant","Resistant","Resistant","Resistant","Sensitive"
"94","CAB18D","E. coli","Sensitive","Resistant","Sensitive","Resistant","Sensitive","Sensitive"
"95","CAB18F","E. coli","Sensitive","Sensitive","Resistant","Resistant","Resistant","Sensitive"
"96","CAB18K","E. coli","Sensitive","Sensitive","Resistant","Resistant","Resistant","Sensitive"
"97","CAB18R","E. coli","Sensitive","Resistant","Resistant","Resistant","Resistant","Sensitive"
"98","CAB18S","E. coli","Sensitive","Resistant","Resistant","Resistant","Resistant","Sensitive"
"99","CAB18U","E. coli","Sensitive","Resistant","Sensitive","Sensitive","Sensitive","Sensitive"
"100","CAB194","E. coli","Sensitive","Sensitive","Resistant","Resistant","Resistant","Sensitive"
"101","CAB194","KpSC","Sensitive","Resistant","Resistant","Resistant","Resistant","Sensitive"
"102","CAB195","E. coli","Sensitive","Resistant","Resistant","Resistant","Resistant","Sensitive"
"103","CAB195","KpSC","Sensitive","Sensitive","Resistant","Resistant","Sensitive","Sensitive"
"104","CAB199","E. coli","Sensitive","Resistant","Resistant","Resistant","Resistant","Sensitive"
"105","CAB19C","E. coli","Sensitive","Sensitive","Resistant","Resistant","Resistant","Sensitive"
"106","CAB19D","KpSC","Sensitive","Resistant","Sensitive","Resistant","Sensitive","Sensitive"
"107","CAB19F","E. coli","Sensitive","Sensitive","Resistant","Resistant","Resistant","Sensitive"
"108","CAB19H","E. coli","Sensitive","Resistant","Sensitive","Resistant","Sensitive","Sensitive"
"109","CAC100","E. coli","Sensitive","Sensitive","Resistant","Resistant","Resistant","Sensitive"
"110","CAC102","E. coli","Sensitive","Sensitive","Resistant","Resistant","Resistant","Sensitive"
"111","CAC103","E. coli","Sensitive","Sensitive","Resistant","Resistant","Resistant","Sensitive"
"112","CAC104","E. coli","Sensitive","Sensitive","Sensitive","Resistant","Sensitive","Sensitive"
"113","CAC105","E. coli","Sensitive","Sensitive","Resistant","Resistant","Resistant","Sensitive"
"114","CAC105","KpSC","Sensitive","Sensitive","Resistant","Resistant","Resistant","Sensitive"
"115","CAC106","E. coli","Sensitive","Resistant","Resistant","Resistant","Resistant","Sensitive"
"116","CAC107","E. coli","Sensitive","Sensitive","Intermediate","Resistant","Sensitive",NA
"117","CAC108","E. coli","Sensitive","Sensitive","Resistant","Resistant","Resistant","Sensitive"
"118","CAC109","E. coli","Sensitive","Resistant","Resistant","Resistant","Resistant","Sensitive"
"119","CAC10A","E. coli","Sensitive","Resistant","Resistant","Resistant","Sensitive","Sensitive"
"120","CAC10C","E. coli","Sensitive","Sensitive","Resistant","Resistant","Resistant","Sensitive"
"121","CAC10D","E. coli","Sensitive","Resistant","Resistant","Resistant","Sensitive","Sensitive"
"122","CAC10E","E. coli","Sensitive","Sensitive","Resistant","Resistant","Resistant","Sensitive"
"123","CAC10G","E. coli","Sensitive","Sensitive","Resistant","Resistant","Sensitive","Sensitive"
"124","CAC10H","E. coli","Sensitive","Resistant","Resistant","Resistant","Resistant","Sensitive"
"125","CAC10I","E. coli","Sensitive","Sensitive","Resistant","Resistant","Resistant","Sensitive"
"126","CAC10J","E. coli","Sensitive","Sensitive","Resistant","Resistant","Resistant","Sensitive"
"127","CAC10M","E. coli","Sensitive","Resistant","Resistant","Resistant","Resistant","Sensitive"
"128","CAC10Q","E. coli","Sensitive","Resistant","Resistant","Resistant","Sensitive","Sensitive"
"129","CAC10Q","KpSC","Sensitive","Resistant","Resistant","Resistant","Resistant","Sensitive"
"130","CAC10R","E. coli","Sensitive","Sensitive","Resistant","Resistant","Sensitive","Sensitive"
"131","CAC10S","E. coli","Sensitive","Sensitive","Resistant","Resistant","Resistant","Sensitive"
"132","CAC10V","E. coli","Sensitive","Sensitive","Sensitive","Resistant","Sensitive","Sensitive"
"133","CAC10W","E. coli","Sensitive","Sensitive","Resistant","Resistant","Resistant","Sensitive"
"134","CAC10X","E. coli","Sensitive","Resistant","Resistant","Resistant","Sensitive","Sensitive"
"135","CAC10Y","E. coli","Sensitive","Sensitive","Sensitive","Resistant","Sensitive","Sensitive"
"136","CAC10Z","E. coli","Sensitive","Sensitive","Sensitive","Resistant","Resistant","Sensitive"
"137","CAC10Z","KpSC","Sensitive","Resistant","Resistant","Resistant","Resistant","Sensitive"
"138","CAC110","E. coli","Sensitive","Sensitive","Resistant","Resistant","Resistant","Sensitive"
"139","CAC111","E. coli","Sensitive","Sensitive","Resistant","Resistant","Resistant","Sensitive"
"140","CAC114","E. coli","Sensitive","Sensitive","Resistant","Resistant","Resistant","Sensitive"
"141","CAC116","E. coli","Sensitive","Sensitive","Resistant","Resistant","Resistant","Sensitive"
"142","CAC117","E. coli","Sensitive","Resistant","Resistant","Resistant","Resistant",NA
"143","CAC119","E. coli","Sensitive","Resistant","Sensitive","Resistant","Sensitive","Intermediate"
"144","CAC11A","E. coli","Sensitive","Sensitive","Resistant","Resistant","Resistant","Sensitive"
"145","CAC11A","KpSC","Sensitive","Resistant","Resistant","Resistant","Resistant","Sensitive"
"146","CAC11C","E. coli","Sensitive","Sensitive","Resistant","Resistant","Sensitive","Sensitive"
"147","CAC11D","E. coli","Sensitive","Sensitive","Resistant","Resistant","Resistant","Sensitive"
"148","CAC11F","E. coli","Sensitive","Resistant","Resistant","Resistant","Resistant","Sensitive"
"149","CAC11G","E. coli","Sensitive","Sensitive","Resistant","Resistant","Sensitive","Sensitive"
"150","CAC11G","KpSC","Sensitive","Sensitive","Sensitive","Resistant","Resistant","Sensitive"
"151","CAC11H","E. coli","Sensitive","Sensitive","Resistant","Resistant","Resistant","Sensitive"
"152","CAC11I","E. coli","Sensitive","Sensitive","Sensitive","Resistant","Sensitive","Sensitive"
"153","CAC11K","E. coli","Sensitive","Resistant","Resistant","Resistant","Sensitive","Sensitive"
"154","CAC11K","KpSC","Sensitive","Sensitive","Resistant","Resistant","Resistant","Sensitive"
"155","CAC11N","E. coli","Sensitive","Sensitive","Resistant","Resistant","Sensitive","Sensitive"
"156","CAC11N","KpSC","Sensitive","Resistant","Resistant","Resistant","Sensitive","Sensitive"
"157","CAC11P","E. coli","Sensitive","Sensitive","Resistant","Resistant","Resistant","Sensitive"
"158","CAC11P","KpSC","Sensitive","Resistant","Resistant","Resistant","Resistant","Sensitive"
"159","CAC11Q","E. coli","Sensitive","Sensitive","Resistant","Resistant","Resistant","Sensitive"
"160","CAC11Q","KpSC","Sensitive","Resistant","Resistant","Resistant","Resistant","Sensitive"
"161","CAC11R","E. coli","Sensitive","Sensitive","Resistant","Resistant","Resistant","Sensitive"
"162","CAC11S","E. coli","Sensitive","Sensitive","Resistant","Resistant","Resistant","Sensitive"
"163","CAC11S","KpSC","Sensitive","Resistant","Sensitive","Resistant","Resistant","Sensitive"
"164","CAC11W","E. coli","Sensitive","Sensitive","Resistant","Resistant","Resistant","Sensitive"
"165","CAC11W","KpSC","Sensitive","Resistant","Sensitive","Resistant","Resistant","Sensitive"
"166","CAC11X","E. coli","Sensitive","Resistant","Resistant","Resistant","Resistant","Sensitive"
"167","CAC11Y","E. coli","Sensitive","Resistant","Resistant","Resistant","Resistant","Sensitive"
"168","CAC11Y","KpSC","Sensitive","Resistant","Resistant","Resistant","Resistant","Sensitive"
"169","CAC122","E. coli","Sensitive","Resistant","Sensitive","Sensitive","Sensitive","Sensitive"
"170","CAC123","E. coli","Sensitive","Sensitive","Resistant","Resistant","Resistant","Sensitive"
"171","CAC124","E. coli","Sensitive","Sensitive","Resistant","Resistant","Resistant","Sensitive"
"172","CAC126","E. coli","Sensitive","Resistant","Sensitive","Resistant","Resistant","Sensitive"
"173","CAC127","E. coli","Sensitive","Resistant","Resistant","Resistant","Resistant","Sensitive"
"174","CAC127","KpSC","Sensitive","Resistant","Sensitive","Resistant","Resistant","Sensitive"
"175","CAC12A","E. coli","Sensitive","Sensitive","Resistant","Resistant","Sensitive","Sensitive"
"176","CAC12B","E. coli","Sensitive","Sensitive","Resistant","Resistant","Resistant","Sensitive"
"177","CAC12B","KpSC","Sensitive","Resistant","Sensitive","Resistant","Sensitive","Sensitive"
"178","CAC12C","E. coli","Sensitive","Sensitive","Resistant","Resistant","Resistant","Sensitive"
"179","CAC12C","KpSC","Sensitive","Sensitive","Sensitive","Resistant","Sensitive","Sensitive"
"180","CAC12H","E. coli","Sensitive","Sensitive","Resistant","Resistant","Sensitive","Sensitive"
"181","CAC12Z","E. coli","Sensitive","Resistant","Resistant","Resistant","Sensitive","Sensitive"
"182","CAC130","E. coli","Sensitive","Sensitive","Resistant","Resistant","Resistant","Sensitive"
"183","CAC131","E. coli","Sensitive","Sensitive","Resistant","Resistant","Resistant","Sensitive"
"184","CAC132","E. coli","Sensitive","Sensitive","Sensitive","Resistant","Sensitive","Sensitive"
"185","CAC133","KpSC","Sensitive","Resistant","Resistant","Resistant","Resistant","Sensitive"
"186","CAC134","E. coli","Sensitive","Resistant","Resistant","Resistant","Resistant","Sensitive"
"187","CAC134","KpSC","Sensitive","Resistant","Resistant","Resistant","Resistant","Sensitive"
"188","CAC137","KpSC","Sensitive","Sensitive","Resistant","Resistant","Resistant","Sensitive"
"189","CAC139","E. coli","Sensitive","Sensitive","Resistant","Resistant","Resistant","Sensitive"
"190","CAC13B","E. coli","Sensitive","Sensitive","Resistant","Resistant","Resistant","Sensitive"
"191","CAC13C","KpSC","Sensitive","Sensitive","Resistant","Resistant","Sensitive","Sensitive"
"192","CAC13D","E. coli","Sensitive","Sensitive","Resistant","Resistant","Sensitive","Sensitive"
"193","CAC13D","KpSC","Sensitive","Sensitive","Resistant","Resistant","Resistant","Sensitive"
"194","CAC13G","E. coli","Sensitive","Sensitive","Resistant","Resistant","Resistant","Sensitive"
"195","CAC13G","KpSC","Sensitive","Resistant","Resistant","Resistant","Resistant","Sensitive"
"196","CAC13H","E. coli","Sensitive","Resistant","Resistant","Resistant","Sensitive","Sensitive"
"197","CAC13I","E. coli","Sensitive","Sensitive","Resistant","Resistant","Sensitive","Sensitive"
"198","CAC13I","KpSC","Sensitive","Sensitive","Resistant","Resistant","Resistant","Sensitive"
"199","CAC13J","E. coli","Sensitive","Resistant","Resistant","Resistant","Sensitive","Sensitive"
"200","CAC13L","E. coli","Sensitive","Resistant","Resistant","Resistant","Resistant","Sensitive"
"201","CAC13L","KpSC","Sensitive","Resistant","Resistant","Resistant","Resistant","Sensitive"
"202","CAC13M","E. coli","Sensitive","Sensitive","Resistant","Resistant","Sensitive","Sensitive"
"203","CAC13N","E. coli","Sensitive","Sensitive","Resistant","Resistant","Resistant","Sensitive"
"204","CAC13P","E. coli","Sensitive","Sensitive","Resistant","Resistant","Resistant","Sensitive"
"205","CAC13Q","E. coli","Sensitive","Resistant","Resistant","Resistant","Resistant","Sensitive"
"206","CAC13S","E. coli","Sensitive","Sensitive","Sensitive","Resistant","Sensitive","Sensitive"
"207","CAC13T","KpSC","Sensitive","Resistant","Resistant","Resistant","Sensitive","Sensitive"
"208","CAC13X","E. coli","Resistant","Sensitive","Sensitive","Resistant","Resistant","Sensitive"
"209","CAC13X","KpSC","Resistant","Sensitive","Sensitive","Resistant","Resistant","Sensitive"
"210","CAC13Y","KpSC","Sensitive","Resistant","Resistant","Resistant","Sensitive","Sensitive"
"211","CAC13Z","E. coli","Sensitive","Sensitive","Resistant","Resistant","Resistant","Sensitive"
"212","CAC140","E. coli","Sensitive","Resistant","Resistant","Resistant","Sensitive","Sensitive"
"213","CAC141","E. coli","Sensitive","Resistant","Resistant","Resistant","Sensitive","Sensitive"
"214","CAC143","KpSC","Sensitive","Sensitive","Resistant","Resistant","Sensitive","Sensitive"
"215","CAC146","E. coli","Sensitive","Sensitive","Resistant","Resistant","Resistant","Resistant"
"216","CAC147","E. coli","Sensitive","Sensitive","Sensitive","Resistant","Sensitive","Sensitive"
"217","CAC147","KpSC","Sensitive","Sensitive","Resistant","Resistant","Resistant","Sensitive"
"218","CAC148","E. coli","Sensitive","Sensitive","Resistant","Resistant","Resistant","Sensitive"
"219","CAC14A","E. coli","Sensitive","Sensitive","Resistant","Resistant","Resistant","Sensitive"
"220","CAC14A","KpSC","Sensitive","Sensitive","Resistant","Resistant","Sensitive","Sensitive"
"221","CAC14B","E. coli","Sensitive","Resistant","Resistant","Resistant","Resistant","Sensitive"
"222","CAC14C","E. coli","Sensitive","Resistant","Resistant","Resistant","Sensitive","Sensitive"
"223","CAC14C","KpSC","Sensitive","Sensitive","Sensitive","Resistant","Resistant","Sensitive"
"224","CAC14F","E. coli","Sensitive","Sensitive","Resistant","Resistant","Resistant","Sensitive"
"225","CAC14G","E. coli","Sensitive","Sensitive","Sensitive","Resistant","Sensitive","Sensitive"
"226","CAC14G","KpSC","Sensitive","Resistant","Sensitive","Resistant","Resistant","Sensitive"
"227","CAC14I","E. coli","Sensitive","Sensitive","Resistant","Resistant","Resistant","Sensitive"
"228","CAC14I","KpSC","Sensitive","Resistant","Resistant","Resistant","Resistant","Sensitive"
"229","CAC14J","E. coli","Sensitive","Sensitive","Resistant","Resistant","Resistant","Sensitive"
"230","CAC14L","E. coli","Sensitive","Sensitive","Sensitive","Resistant","Sensitive","Sensitive"
"231","CAC14N","E. coli","Sensitive","Sensitive","Resistant","Resistant","Resistant","Sensitive"
"232","CAC14N","KpSC","Sensitive","Resistant","Sensitive","Resistant","Sensitive","Sensitive"
"233","CAC14P","E. coli","Sensitive","Sensitive","Resistant","Resistant","Resistant","Sensitive"
"234","CAC14Q","E. coli","Sensitive","Sensitive","Sensitive","Resistant","Sensitive","Sensitive"
"235","CAC14R","E. coli","Sensitive","Sensitive","Resistant","Resistant","Resistant","Sensitive"
"236","CAC14S","E. coli","Sensitive","Sensitive","Intermediate","Resistant","Sensitive","Sensitive"
"237","CAC14T","E. coli","Sensitive","Sensitive","Sensitive","Resistant","Resistant","Sensitive"
"238","CAC14U","KpSC","Sensitive","Sensitive","Resistant","Resistant","Resistant","Sensitive"
"239","CAC15X","E. coli","Sensitive","Sensitive","Resistant","Resistant","Resistant","Sensitive"
"240","CAC15X","KpSC","Sensitive","Resistant","Resistant","Resistant","Resistant","Sensitive"
"241","CAD100","E. coli","Sensitive","Sensitive","Resistant","Resistant","Resistant","Sensitive"
"242","CAD100","KpSC","Sensitive","Sensitive","Resistant","Resistant","Resistant","Sensitive"
"243","CAD101","E. coli","Sensitive","Sensitive","Resistant","Resistant","Resistant","Sensitive"
"244","CAD101","KpSC","Sensitive","Resistant","Resistant","Resistant","Sensitive","Sensitive"
"245","CAD102","E. coli","Sensitive","Sensitive","Sensitive","Resistant","Sensitive","Sensitive"
"246","CAD103","E. coli","Sensitive","Sensitive","Sensitive","Resistant","Sensitive","Sensitive"
"247","CAD104","E. coli","Sensitive","Sensitive","Sensitive","Resistant","Resistant","Sensitive"
"248","CAD105","E. coli","Sensitive","Resistant","Resistant",NA,"Resistant","Sensitive"
"249","CAD106","E. coli","Sensitive","Sensitive","Sensitive","Resistant","Sensitive","Sensitive"
"250","CAD107","E. coli","Sensitive","Resistant","Resistant","Resistant","Resistant","Sensitive"
"251","CAD107","KpSC","Sensitive","Resistant","Resistant","Resistant","Resistant","Sensitive"
"252","CAD108","E. coli","Intermediate","Resistant","Resistant","Resistant","Resistant","Sensitive"
"253","CAD109","E. coli","Sensitive","Sensitive","Resistant","Sensitive","Sensitive","Sensitive"
"254","CAD10B","E. coli","Sensitive","Resistant","Resistant","Resistant","Resistant","Sensitive"
"255","CAD10C","KpSC","Sensitive","Sensitive","Resistant","Resistant","Resistant","Sensitive"
"256","CAD10F","KpSC","Sensitive","Resistant",NA,"Resistant","Resistant","Intermediate"
"257","CAD10H","E. coli","Sensitive","Sensitive","Resistant","Resistant","Resistant","Sensitive"
"258","CAD10M","E. coli","Sensitive","Resistant","Sensitive","Resistant","Resistant","Sensitive"
"259","CAD10N","E. coli","Sensitive","Sensitive","Resistant","Resistant","Resistant","Sensitive"
"260","CAD10N","KpSC","Sensitive","Sensitive","Resistant","Resistant","Resistant","Sensitive"
"261","CAD10R","E. coli","Sensitive","Resistant","Resistant","Resistant","Resistant","Sensitive"
"262","CAD10T","E. coli","Sensitive","Sensitive","Sensitive","Resistant","Sensitive","Sensitive"
"263","CAD10V","E. coli","Sensitive","Sensitive","Resistant","Resistant","Sensitive","Sensitive"
"264","CAD10V","KpSC","Sensitive","Sensitive","Resistant","Resistant","Resistant","Sensitive"
"265","CAD10X","E. coli","Sensitive","Resistant","Resistant","Resistant","Resistant","Sensitive"
"266","CAD110","E. coli","Sensitive","Resistant","Resistant","Resistant","Resistant","Sensitive"
"267","CAD110","KpSC","Sensitive","Sensitive","Resistant","Resistant","Sensitive","Sensitive"
"268","CAD113","E. coli","Sensitive","Sensitive","Resistant","Resistant","Sensitive","Sensitive"
"269","CAD114","E. coli","Sensitive","Sensitive","Resistant","Resistant","Resistant","Sensitive"
"270","CAD115","E. coli","Sensitive","Sensitive","Resistant","Resistant","Sensitive","Sensitive"
"271","CAD117","E. coli","Sensitive","Sensitive","Sensitive","Resistant","Sensitive","Sensitive"
"272","CAD118","E. coli","Sensitive","Resistant","Resistant","Resistant","Resistant","Sensitive"
"273","CAD11B","E. coli","Sensitive","Sensitive","Sensitive","Resistant","Sensitive","Sensitive"
"274","CAD11T","KpSC","Sensitive","Sensitive","Resistant","Resistant","Resistant","Sensitive"
"275","CAD11U","E. coli","Sensitive","Sensitive","Resistant","Resistant","Resistant","Sensitive"
"276","CAD11U","KpSC","Sensitive","Sensitive","Sensitive","Resistant","Resistant","Sensitive"
"277","CAD11V","E. coli","Sensitive","Resistant","Resistant","Resistant","Resistant","Sensitive"
"278","CAD11X","E. coli","Sensitive","Resistant","Resistant","Resistant","Sensitive","Sensitive"
"279","CAD11X","KpSC","Sensitive","Resistant","Resistant","Resistant","Resistant","Sensitive"
"280","CAD11Z","E. coli","Sensitive","Sensitive","Resistant","Resistant","Resistant","Sensitive"
"281","CAD120","E. coli","Sensitive","Resistant","Resistant","Resistant","Resistant","Sensitive"
"282","CAD123","E. coli","Sensitive","Resistant","Sensitive","Sensitive","Sensitive","Sensitive"
"283","CAD12D","E. coli","Sensitive","Sensitive","Resistant","Resistant","Resistant","Sensitive"
"284","CAD12G","E. coli","Sensitive","Sensitive","Resistant","Resistant","Sensitive","Sensitive"
"285","CAD12H","E. coli","Sensitive","Sensitive","Resistant","Resistant","Sensitive","Sensitive"
"286","CAD12I","KpSC","Sensitive","Sensitive",NA,"Resistant","Resistant","Sensitive"
"287","CAD12K","E. coli","Sensitive","Sensitive","Sensitive","Resistant","Sensitive","Sensitive"
"288","CAD12L","E. coli","Sensitive","Sensitive","Sensitive","Resistant","Sensitive","Sensitive"
"289","CAD12M","E. coli","Sensitive","Sensitive","Resistant","Resistant","Resistant","Sensitive"
"290","CAD12P","E. coli","Sensitive","Resistant","Resistant","Resistant","Sensitive","Sensitive"
"291","CAD12W","E. coli","Sensitive","Sensitive","Sensitive","Resistant","Sensitive","Sensitive"
"292","CAD12Z","E. coli","Sensitive","Sensitive","Resistant","Resistant","Resistant","Sensitive"
"293","CAD12Z","KpSC","Sensitive","Sensitive","Resistant","Resistant","Resistant","Sensitive"
"294","CAD134","E. coli","Sensitive","Resistant","Resistant","Resistant","Sensitive","Sensitive"
"295","CAD134","KpSC","Sensitive","Sensitive","Resistant","Resistant","Sensitive","Sensitive"
"296","CAD135","KpSC","Sensitive","Sensitive","Sensitive","Resistant","Resistant","Sensitive"
"297","CAD137","E. coli","Sensitive","Sensitive","Resistant","Resistant","Resistant","Sensitive"
"298","CAD137","KpSC","Sensitive","Sensitive","Resistant","Resistant","Resistant","Sensitive"
"299","CAD13A","E. coli","Sensitive","Sensitive","Sensitive","Resistant","Sensitive","Sensitive"
"300","CAD13B","E. coli","Sensitive","Resistant","Resistant","Resistant","Sensitive","Sensitive"
"301","CAD13B","KpSC","Sensitive","Sensitive","Resistant","Resistant","Resistant","Sensitive"
"302","CAD13E","E. coli","Sensitive","Sensitive","Resistant","Resistant","Resistant","Sensitive"
"303","CAD13F","E. coli","Sensitive","Sensitive","Sensitive","Resistant","Sensitive","Sensitive"
"304","CAD13G","E. coli","Sensitive","Resistant","Resistant","Resistant","Sensitive","Sensitive"
"305","CAD13G","KpSC","Sensitive","Resistant","Sensitive","Resistant","Resistant","Sensitive"
"306","CAD13H","E. coli","Sensitive","Resistant","Sensitive","Resistant","Resistant","Sensitive"
"307","CAD13I","E. coli","Sensitive","Sensitive","Sensitive","Resistant","Sensitive","Sensitive"
"308","CAD13I","KpSC","Sensitive","Sensitive","Sensitive","Resistant","Resistant","Sensitive"
"309","CAD13J","E. coli","Sensitive","Sensitive","Resistant","Resistant","Resistant","Sensitive"
"310","CAD13J","KpSC","Sensitive","Sensitive","Intermediate","Resistant","Resistant","Sensitive"
"311","CAD13K","E. coli","Sensitive","Sensitive","Sensitive","Resistant","Resistant","Sensitive"
"312","CAD13L","E. coli","Sensitive","Resistant","Resistant","Resistant","Resistant","Sensitive"
"313","CAD13L","KpSC","Sensitive","Sensitive","Intermediate","Resistant","Resistant","Sensitive"
"314","CAD13N","E. coli","Sensitive","Sensitive","Resistant","Resistant","Resistant","Sensitive"
"315","CAD13P","E. coli","Sensitive","Sensitive","Resistant","Resistant","Resistant","Sensitive"
"316","CAD13Q","E. coli","Sensitive","Sensitive","Resistant","Resistant","Sensitive","Sensitive"
"317","CAD13Q","KpSC","Sensitive","Sensitive","Resistant","Resistant","Resistant","Sensitive"
"318","CAD13R","E. coli","Sensitive","Resistant","Resistant","Resistant","Resistant","Sensitive"
"319","CAD13T","E. coli","Sensitive","Sensitive","Resistant","Resistant","Resistant","Sensitive"
"320","CAD13U","KpSC","Sensitive","Sensitive",NA,"Resistant","Sensitive","Sensitive"
"321","CAD13V","E. coli","Sensitive","Sensitive","Sensitive","Resistant","Sensitive","Sensitive"
"322","CAD13W","E. coli","Sensitive","Sensitive","Resistant","Resistant","Resistant","Sensitive"
"323","CAD13Y","E. coli","Sensitive","Sensitive","Resistant","Resistant","Resistant","Sensitive"
"324","CAD13Y","KpSC","Intermediate","Resistant","Resistant","Resistant","Resistant","Sensitive"
"325","CAD141","E. coli","Sensitive","Sensitive","Resistant","Resistant","Sensitive","Intermediate"
"326","CAD142","E. coli","Sensitive","Sensitive","Resistant","Resistant","Sensitive","Sensitive"
"327","CAD142","KpSC","Sensitive","Resistant","Resistant","Resistant","Resistant","Sensitive"
"328","CAD144","E. coli","Sensitive","Resistant","Resistant","Resistant","Resistant","Sensitive"
"329","CAD144","KpSC","Intermediate","Sensitive","Resistant","Resistant","Sensitive","Sensitive"
"330","CAD147","E. coli","Sensitive","Resistant","Resistant","Resistant","Sensitive","Sensitive"
"331","CAD148","E. coli","Sensitive","Sensitive","Sensitive","Resistant","Resistant","Sensitive"
"332","CAD149","E. coli","Sensitive","Resistant","Resistant","Resistant","Resistant","Sensitive"
"333","CAD149","KpSC","Sensitive","Resistant","Resistant","Resistant","Resistant","Sensitive"
"334","CAD14D","E. coli","Sensitive","Sensitive","Resistant","Resistant","Resistant","Sensitive"
"335","CAD14D","KpSC","Sensitive","Sensitive","Sensitive","Resistant","Resistant","Sensitive"
"336","CAD14E","E. coli","Sensitive","Resistant","Resistant","Resistant","Resistant","Sensitive"
"337","CAD14E","KpSC","Sensitive","Sensitive","Resistant","Resistant","Resistant","Sensitive"
"338","CAD14F","KpSC","Sensitive","Sensitive",NA,"Resistant","Sensitive","Sensitive"
"339","CAD14G","E. coli","Sensitive","Sensitive","Resistant","Resistant","Resistant","Sensitive"
"340","CAD14G","KpSC","Sensitive","Resistant","Resistant","Resistant","Resistant","Sensitive"
"341","CAD14H","KpSC","Sensitive","Sensitive","Resistant","Resistant","Sensitive","Sensitive"
"342","CAD14I","KpSC","Sensitive","Sensitive","Sensitive","Resistant","Sensitive","Sensitive"
"343","CAD14J","E. coli","Sensitive","Sensitive","Resistant","Resistant","Resistant","Sensitive"
"344","CAD14K","E. coli","Sensitive","Sensitive","Sensitive","Resistant","Sensitive","Sensitive"
"345","CAD14L","E. coli","Sensitive","Resistant","Resistant","Resistant","Resistant","Sensitive"
"346","CAD14M","KpSC","Sensitive","Sensitive","Resistant","Resistant","Sensitive","Sensitive"
"347","CAD14P","E. coli","Sensitive","Resistant","Resistant","Resistant","Resistant","Sensitive"
"348","CAE104","E. coli","Sensitive","Sensitive","Sensitive","Resistant","Sensitive","Sensitive"
"349","CAE105","E. coli","Sensitive","Sensitive","Sensitive","Resistant","Sensitive","Sensitive"
"350","CAE105","KpSC","Sensitive","Sensitive","Sensitive","Resistant","Sensitive","Sensitive"
"351","CAE108","E. coli","Sensitive","Resistant","Resistant","Resistant","Resistant","Sensitive"
"352","CAE108","KpSC","Sensitive","Resistant","Sensitive","Resistant","Resistant","Sensitive"
"353","CAE10A","E. coli","Sensitive","Resistant","Resistant","Resistant","Sensitive","Sensitive"
"354","CAE10C","E. coli","Sensitive","Sensitive","Resistant","Resistant","Sensitive","Sensitive"
"355","CAE10D","E. coli","Sensitive","Sensitive","Resistant","Resistant","Resistant","Sensitive"
"356","CAE10J","E. coli","Sensitive","Resistant","Sensitive","Resistant","Sensitive","Sensitive"
"357","CAE10K","E. coli","Sensitive","Sensitive","Resistant","Resistant","Resistant","Sensitive"
"358","CAE10M","E. coli","Sensitive","Sensitive","Resistant","Resistant","Resistant","Sensitive"
"359","CAE10N","E. coli","Sensitive","Sensitive","Sensitive","Resistant","Sensitive","Sensitive"
"360","CAE10P","E. coli","Sensitive","Resistant","Resistant","Resistant","Resistant","Sensitive"
"361","CAE10Q","E. coli","Sensitive","Sensitive","Sensitive","Resistant","Sensitive","Sensitive"
"362","CAE10S","E. coli","Sensitive","Resistant","Resistant","Sensitive","Sensitive","Sensitive"
"363","CAE10T","E. coli","Sensitive","Resistant","Resistant","Resistant","Sensitive","Sensitive"
"364","CAE10T","KpSC","Sensitive","Sensitive","Resistant","Resistant","Sensitive","Sensitive"
"365","CAE10V","E. coli","Sensitive","Resistant","Resistant","Resistant","Sensitive","Sensitive"
"366","CAE10V","KpSC","Sensitive","Sensitive","Sensitive","Resistant","Resistant","Sensitive"
"367","CAE10W","E. coli","Sensitive","Sensitive","Sensitive","Resistant","Sensitive","Sensitive"
"368","CAE10X","KpSC","Sensitive","Resistant",NA,"Resistant","Resistant","Sensitive"
"369","CAE10Z","E. coli","Sensitive","Sensitive","Resistant","Resistant","Sensitive","Sensitive"
"370","CAE110","E. coli","Sensitive","Sensitive","Resistant","Resistant","Resistant","Sensitive"
"371","CAE112","E. coli","Sensitive","Sensitive","Resistant","Resistant","Sensitive","Sensitive"
"372","CAE116","E. coli","Sensitive","Sensitive","Intermediate","Resistant","Sensitive","Sensitive"
"373","CAE117","E. coli","Sensitive","Sensitive","Sensitive","Resistant","Sensitive","Sensitive"
"374","CAE118","E. coli","Sensitive","Sensitive","Sensitive","Resistant","Sensitive","Sensitive"
"375","CAE119","E. coli","Sensitive","Sensitive","Sensitive","Resistant","Sensitive","Sensitive"
"376","CAE11A","E. coli","Sensitive","Sensitive","Sensitive","Resistant","Sensitive","Sensitive"
"377","CAE11A","KpSC","Sensitive","Sensitive","Sensitive","Resistant","Resistant","Sensitive"
"378","CAE11B","E. coli","Sensitive","Sensitive","Sensitive","Resistant","Sensitive","Sensitive"
"379","CAE11D","E. coli","Sensitive","Resistant","Resistant","Resistant","Sensitive","Sensitive"
"380","CAE11I","E. coli","Sensitive","Resistant","Resistant","Resistant","Sensitive","Sensitive"
"381","CAE11I","KpSC","Sensitive","Resistant","Sensitive","Resistant","Resistant","Sensitive"
"382","CAE11K","KpSC","Sensitive","Sensitive",NA,"Resistant","Resistant","Sensitive"
"383","CAE11N","KpSC","Sensitive","Sensitive",NA,"Resistant","Resistant","Sensitive"
"384","CAE11Q","E. coli","Sensitive","Sensitive","Sensitive","Resistant","Sensitive","Sensitive"
"385","CAE11Q","KpSC","Sensitive","Sensitive","Sensitive","Resistant","Resistant","Sensitive"
"386","CAE11S","E. coli","Sensitive","Sensitive","Resistant","Resistant","Resistant","Sensitive"
"387","CAE11S","KpSC","Sensitive","Resistant","Sensitive","Resistant","Resistant","Sensitive"
"388","CAE11U","E. coli","Sensitive","Resistant","Resistant","Resistant","Sensitive","Sensitive"
"389","CAE12F","E. coli","Sensitive","Sensitive","Resistant","Resistant","Resistant","Sensitive"
"390","CAE12H","E. coli","Sensitive","Sensitive","Resistant","Resistant","Sensitive","Sensitive"
"391","CAE12H","KpSC","Sensitive","Sensitive","Intermediate","Resistant","Sensitive","Sensitive"
"392","CAE12K","E. coli","Sensitive","Sensitive","Resistant","Resistant","Sensitive","Sensitive"
"393","CAE12L","E. coli","Sensitive","Sensitive","Resistant","Resistant","Resistant","Sensitive"
"394","CAE12L","KpSC","Sensitive","Sensitive","Sensitive","Resistant","Resistant","Sensitive"
"395","CAE12N","E. coli","Sensitive","Resistant","Resistant","Resistant","Resistant","Sensitive"
"396","CAE12R","E. coli","Sensitive","Sensitive","Sensitive","Resistant","Sensitive","Sensitive"
"397","CAE12R","KpSC","Sensitive","Resistant","Sensitive","Resistant","Sensitive","Sensitive"
"398","CAE12S","E. coli","Sensitive","Sensitive","Resistant","Resistant","Sensitive","Sensitive"
"399","CAE12U","E. coli","Sensitive","Resistant","Resistant","Resistant","Sensitive","Sensitive"
"400","CAE12U","KpSC","Sensitive","Resistant","Resistant","Resistant","Resistant","Sensitive"
"401","CAE12V","KpSC","Sensitive","Sensitive",NA,"Resistant","Sensitive","Sensitive"
"402","CAE12W","E. coli","Sensitive","Sensitive","Resistant","Resistant","Resistant","Sensitive"
"403","CAE12X","E. coli","Sensitive","Resistant","Resistant","Resistant","Sensitive","Sensitive"
"404","CAE12Z","E. coli","Sensitive","Sensitive","Sensitive","Resistant","Sensitive","Sensitive"
"405","CAE12Z","KpSC","Sensitive","Sensitive","Resistant","Resistant","Sensitive","Sensitive"
"406","CAE133","E. coli","Sensitive","Sensitive","Sensitive","Resistant","Resistant","Sensitive"
"407","CAE135","E. coli","Sensitive","Resistant","Resistant","Resistant","Resistant","Sensitive"
"408","CAE135","KpSC","Sensitive","Resistant","Resistant","Resistant","Resistant","Sensitive"
"409","CAE136","E. coli","Sensitive","Sensitive","Sensitive","Resistant","Sensitive","Sensitive"
"410","CAE137","E. coli","Sensitive","Resistant","Resistant","Resistant","Sensitive","Sensitive"
"411","CAE14Q","E. coli","Sensitive","Resistant","Resistant","Resistant","Resistant","Sensitive"
"412","CAE19Z","KpSC","Sensitive","Resistant",NA,"Resistant","Resistant","Intermediate"
"413","CAE1AJ","KpSC","Sensitive","Resistant","Resistant","Resistant","Resistant","Sensitive"
"414","CAF102","E. coli","Sensitive","Sensitive","Resistant","Resistant","Resistant","Sensitive"
"415","CAF102","KpSC","Sensitive","Sensitive","Resistant","Resistant","Sensitive","Sensitive"
"416","CAF103","E. coli","Sensitive","Sensitive","Sensitive","Resistant","Sensitive","Sensitive"
"417","CAF103","KpSC","Sensitive","Sensitive","Resistant","Resistant","Resistant","Sensitive"
"418","CAF105","E. coli","Sensitive","Resistant","Sensitive","Sensitive","Resistant","Sensitive"
"419","CAF107","E. coli","Sensitive","Sensitive","Resistant","Resistant","Resistant","Sensitive"
"420","CAF108","E. coli","Sensitive","Sensitive","Resistant","Resistant","Sensitive","Sensitive"
"421","CAF109","E. coli","Sensitive","Sensitive","Resistant","Resistant","Sensitive","Sensitive"
"422","CAF109","KpSC","Sensitive","Sensitive","Resistant","Resistant","Resistant","Sensitive"
"423","CAF10A","E. coli","Sensitive","Resistant","Sensitive","Resistant","Sensitive","Sensitive"
"424","CAF10C","KpSC","Sensitive","Sensitive",NA,"Resistant","Resistant","Sensitive"
"425","CAF10E","E. coli","Sensitive","Sensitive","Sensitive","Resistant","Sensitive","Sensitive"
"426","CAF10G","E. coli","Sensitive","Sensitive","Resistant","Resistant","Sensitive","Sensitive"
"427","CAF10I","KpSC","Sensitive","Sensitive","Intermediate","Resistant","Resistant","Sensitive"
"428","CAF10J","E. coli","Intermediate","Sensitive","Resistant","Resistant","Resistant","Sensitive"
"429","CAF10J","KpSC","Sensitive","Resistant","Resistant","Resistant","Resistant","Sensitive"
"430","CAF10M","KpSC","Sensitive","Sensitive",NA,"Sensitive","Resistant","Sensitive"
"431","CAF10P","E. coli","Sensitive","Resistant","Sensitive","Sensitive","Sensitive","Sensitive"
"432","CAF10Q","E. coli","Sensitive","Sensitive","Resistant","Resistant","Resistant","Sensitive"
"433","CAF10S","KpSC","Sensitive","Sensitive","Sensitive","Resistant","Resistant","Sensitive"
"434","CAF10T","E. coli","Sensitive","Resistant","Resistant","Resistant","Resistant","Sensitive"
"435","CAF10X","E. coli","Sensitive","Sensitive","Intermediate","Resistant","Sensitive","Sensitive"
"436","CAF10Z","E. coli","Sensitive","Sensitive","Resistant","Resistant","Sensitive","Sensitive"
"437","CAF113","E. coli","Sensitive","Sensitive","Sensitive","Resistant","Sensitive","Sensitive"
"438","CAF113","KpSC","Sensitive","Resistant","Sensitive","Resistant","Resistant","Sensitive"
"439","CAF114","E. coli","Sensitive","Sensitive","Sensitive","Resistant","Sensitive","Sensitive"
"440","CAF115","E. coli","Sensitive","Sensitive","Resistant","Resistant","Sensitive","Sensitive"
"441","CAF11A","E. coli","Sensitive","Sensitive","Resistant","Resistant","Resistant","Sensitive"
"442","CAF11A","KpSC","Sensitive","Sensitive","Resistant","Resistant","Resistant","Sensitive"
"443","CAF11B","E. coli","Sensitive","Sensitive","Resistant","Resistant","Sensitive","Sensitive"
"444","CAF11C","E. coli","Sensitive","Sensitive","Resistant","Resistant","Sensitive","Sensitive"
"445","CAF11C","KpSC","Sensitive","Resistant","Sensitive","Resistant","Resistant","Sensitive"
"446","CAF11D","E. coli","Sensitive","Sensitive","Sensitive","Resistant","Sensitive","Sensitive"
"447","CAF11D","KpSC","Sensitive","Sensitive","Sensitive","Sensitive","Sensitive","Sensitive"
"448","CAF11E","E. coli","Sensitive","Sensitive","Intermediate","Resistant","Resistant","Sensitive"
"449","CAF11G","E. coli","Sensitive","Sensitive","Resistant","Resistant","Resistant","Sensitive"
"450","CAF11G","KpSC","Sensitive","Sensitive","Resistant","Resistant","Resistant","Sensitive"
"451","CAF11H","E. coli","Sensitive","Sensitive","Sensitive","Resistant","Sensitive","Sensitive"
"452","CAF11J","E. coli","Sensitive","Sensitive","Sensitive","Resistant","Resistant","Sensitive"
"453","CAF11K","E. coli","Sensitive","Sensitive","Sensitive","Resistant","Sensitive","Sensitive"
"454","CAF158","E. coli","Sensitive","Sensitive","Sensitive","Resistant","Sensitive","Sensitive"
"455","CAF158","KpSC","Sensitive","Sensitive","Resistant","Resistant","Resistant","Sensitive"
"456","CAF15A","E. coli","Sensitive","Sensitive","Resistant","Resistant","Sensitive","Sensitive"
"457","CAF16Y","E. coli","Sensitive","Resistant","Resistant","Resistant","Sensitive","Sensitive"
"458","CAF16Y","KpSC","Sensitive","Resistant","Resistant","Resistant","Resistant","Sensitive"
"459","CAF170","E. coli","Sensitive","Sensitive","Sensitive","Resistant","Sensitive","Sensitive"
"460","CAF19Y","KpSC","Sensitive","Sensitive",NA,"Resistant","Resistant","Sensitive"
"461","CAG101","E. coli","Sensitive","Sensitive","Resistant","Resistant","Resistant","Sensitive"
"462","CAG104","E. coli","Sensitive","Sensitive","Resistant","Resistant","Resistant","Sensitive"
"463","CAG104","KpSC","Sensitive","Sensitive","Resistant","Resistant","Resistant","Sensitive"
"464","CAG106","E. coli","Sensitive","Sensitive","Sensitive","Resistant","Resistant","Sensitive"
"465","CAG106","KpSC","Sensitive","Sensitive","Resistant","Resistant","Sensitive","Sensitive"
"466","CAG109","E. coli","Sensitive","Resistant","Sensitive","Resistant","Sensitive","Sensitive"
"467","CAG10A","E. coli","Sensitive","Sensitive","Resistant","Resistant","Resistant","Sensitive"
"468","CAG10D","E. coli","Sensitive","Resistant","Sensitive","Resistant","Sensitive","Sensitive"
"469","CAG10G","KpSC","Sensitive","Resistant",NA,"Resistant","Resistant","Sensitive"
"470","CAG10H","E. coli","Sensitive","Sensitive","Resistant","Resistant","Resistant","Sensitive"
"471","CAG118","KpSC","Sensitive","Sensitive",NA,"Resistant","Resistant","Sensitive"
"472","CAG11C","E. coli","Sensitive","Sensitive","Sensitive","Sensitive","Sensitive","Sensitive"
"473","CAG11D","E. coli","Sensitive","Sensitive","Resistant","Resistant","Sensitive","Sensitive"
"474","CAG11F","KpSC","Sensitive","Sensitive",NA,"Resistant","Sensitive","Sensitive"
"475","CAG11H","E. coli","Intermediate","Resistant","Resistant","Resistant","Sensitive","Sensitive"
"476","CAG11J","E. coli","Sensitive","Sensitive","Sensitive","Resistant","Sensitive","Sensitive"
"477","CAG11T","E. coli","Sensitive","Sensitive","Sensitive","Resistant","Sensitive","Sensitive"
"478","CAG123","E. coli","Sensitive","Sensitive","Resistant","Resistant","Resistant","Sensitive"
"479","CAG125","E. coli","Sensitive","Sensitive","Sensitive","Resistant","Resistant","Sensitive"
"480","CAG126","E. coli","Sensitive","Sensitive","Resistant","Resistant","Resistant","Sensitive"
"481","CAG127","E. coli","Sensitive","Resistant","Sensitive","Resistant","Resistant","Sensitive"
"482","CAG129","E. coli","Sensitive","Sensitive","Sensitive","Resistant","Sensitive","Sensitive"
"483","CAG12A","E. coli","Sensitive","Sensitive","Sensitive","Resistant","Sensitive","Sensitive"
"484","CAG12A","KpSC","Sensitive","Sensitive","Resistant","Resistant","Sensitive","Sensitive"
"485","CAG19R","KpSC","Sensitive","Sensitive","Resistant","Resistant","Resistant","Intermediate"
"486","CAH100","E. coli","Sensitive","Sensitive","Resistant","Resistant","Sensitive","Sensitive"
"487","CAH101","E. coli","Sensitive","Sensitive","Resistant","Resistant","Resistant","Sensitive"
"488","CAH101","KpSC","Sensitive","Resistant","Resistant","Resistant","Resistant","Sensitive"
"489","CAH103","E. coli","Sensitive","Sensitive","Sensitive","Resistant","Resistant","Sensitive"
"490","CAH104","KpSC","Sensitive","Resistant",NA,"Resistant","Resistant","Sensitive"
"491","CAH108","E. coli","Sensitive","Sensitive","Resistant","Resistant","Sensitive","Sensitive"
"492","CAH10A","E. coli","Sensitive","Resistant","Resistant","Resistant","Resistant","Sensitive"
"493","CAH10B","E. coli","Sensitive","Sensitive","Sensitive","Resistant","Sensitive",NA
"494","CAH10I","E. coli","Sensitive","Resistant","Sensitive","Sensitive","Sensitive","Sensitive"
"495","CAH10J","E. coli","Sensitive","Sensitive","Sensitive","Sensitive","Intermediate","Sensitive"
"496","CAH10K","KpSC","Sensitive","Resistant",NA,"Resistant","Resistant","Sensitive"
"497","CAH10L","E. coli","Sensitive","Sensitive","Sensitive","Resistant","Sensitive","Sensitive"
"498","CAH117","E. coli","Sensitive","Sensitive","Sensitive","Resistant","Sensitive","Sensitive"
"499","CAH119","E. coli","Sensitive","Sensitive","Sensitive","Resistant","Resistant","Sensitive"
"500","CAH11E","E. coli","Sensitive","Sensitive","Sensitive","Resistant","Sensitive","Sensitive"
"501","CAH11E","KpSC","Sensitive","Sensitive","Resistant","Resistant","Sensitive","Sensitive"
"502","CAH11G","E. coli","Intermediate","Sensitive","Resistant","Resistant","Resistant","Sensitive"
"503","CAH11I","E. coli","Sensitive","Sensitive","Sensitive","Resistant","Sensitive","Sensitive"
"504","CAH11K","E. coli","Sensitive","Resistant","Sensitive","Resistant","Sensitive","Sensitive"
"505","CAH11K","KpSC","Sensitive","Resistant","Sensitive","Resistant","Resistant","Sensitive"
"506","CAI100","E. coli","Sensitive","Sensitive","Resistant","Resistant","Resistant","Sensitive"
"507","CAI101","E. coli","Sensitive","Sensitive","Resistant","Resistant","Resistant","Sensitive"
"508","CAI101","KpSC","Sensitive","Sensitive","Resistant","Resistant","Resistant","Sensitive"
"509","CAI104","E. coli","Sensitive","Sensitive","Resistant","Resistant","Resistant","Sensitive"
"510","CAI105","KpSC","Sensitive","Resistant",NA,"Resistant","Resistant","Sensitive"
"511","CAI107","E. coli","Sensitive","Sensitive","Resistant","Resistant","Sensitive","Sensitive"
"512","CAI109","E. coli","Sensitive","Sensitive","Sensitive","Resistant","Resistant","Sensitive"
"513","CAI10A","E. coli","Sensitive","Sensitive","Resistant","Resistant","Resistant","Sensitive"
"514","CAI10C","E. coli","Sensitive","Sensitive","Resistant","Resistant","Sensitive","Sensitive"
"515","CAI10C","KpSC","Sensitive","Sensitive","Intermediate","Sensitive","Sensitive","Sensitive"
"516","CAI10E","E. coli","Sensitive","Resistant","Resistant","Resistant","Sensitive","Sensitive"
"517","CAI10E","KpSC","Sensitive","Sensitive","Resistant","Resistant","Sensitive","Sensitive"
"518","CAI10F","E. coli","Sensitive","Resistant","Resistant","Resistant","Resistant","Sensitive"
"519","CAI10H","E. coli","Sensitive","Sensitive","Resistant","Resistant","Sensitive","Sensitive"
"520","CAI10H","KpSC","Sensitive","Sensitive","Resistant","Resistant","Resistant","Sensitive"
"521","CAI10J","E. coli","Sensitive","Sensitive","Resistant","Resistant","Sensitive","Sensitive"
"522","CAI10J","KpSC","Sensitive","Resistant","Resistant","Resistant","Resistant","Intermediate"
"523","CAI10N","E. coli","Sensitive","Resistant","Resistant","Resistant","Resistant","Sensitive"
"524","CAI10P","E. coli","Sensitive","Sensitive","Sensitive","Resistant","Sensitive","Sensitive"
"525","CAI10S","KpSC","Sensitive","Resistant",NA,"Resistant","Resistant","Sensitive"
"526","CAI10T","E. coli","Sensitive","Sensitive","Sensitive","Resistant","Sensitive","Sensitive"
"527","CAI10U","E. coli","Sensitive","Sensitive","Sensitive","Resistant","Sensitive","Resistant"
"528","CAI10U","KpSC","Sensitive","Sensitive","Resistant","Resistant","Resistant","Sensitive"
"529","CAI10V","E. coli","Sensitive","Sensitive","Sensitive","Resistant","Sensitive","Sensitive"
"530","CAI10V","KpSC","Sensitive","Sensitive","Sensitive","Resistant","Sensitive","Sensitive"
"531","CAI10W","E. coli","Sensitive","Sensitive","Sensitive","Resistant","Resistant","Sensitive"
"532","CAI10W","KpSC","Sensitive","Resistant","Sensitive","Resistant","Resistant","Sensitive"
"533","CAI10X","E. coli","Sensitive","Sensitive","Resistant","Resistant","Resistant","Sensitive"
"534","CAI10Y","E. coli","Sensitive","Sensitive","Resistant","Resistant","Sensitive","Sensitive"
"535","CAI10Z","E. coli","Sensitive","Sensitive","Resistant","Resistant","Sensitive","Sensitive"
"536","CAI111","E. coli","Sensitive","Resistant","Resistant","Resistant","Sensitive","Sensitive"
"537","CAI113","E. coli","Sensitive","Sensitive","Resistant","Resistant","Resistant","Sensitive"
"538","CAJ102","E. coli","Sensitive","Sensitive","Sensitive","Resistant","Sensitive","Sensitive"
"539","CAJ105","E. coli","Sensitive","Sensitive","Sensitive","Resistant","Sensitive","Sensitive"
"540","CAJ109","E. coli","Sensitive","Sensitive","Resistant","Resistant","Resistant","Sensitive"
"541","CAJ10A","E. coli","Sensitive","Sensitive","Resistant","Resistant","Sensitive","Sensitive"
"542","CAJ10A","KpSC","Sensitive","Sensitive","Resistant","Resistant","Sensitive","Sensitive"
"543","CAJ10D","E. coli","Sensitive","Resistant","Resistant","Resistant","Sensitive","Sensitive"
"544","CAJ10D","KpSC","Sensitive","Resistant","Resistant","Resistant","Resistant","Sensitive"
"545","CAJ10E","E. coli","Sensitive","Sensitive","Resistant","Resistant","Sensitive","Sensitive"
"546","CAJ10G","E. coli","Sensitive","Sensitive","Sensitive","Resistant","Sensitive","Sensitive"
"547","CAJ10H","E. coli","Sensitive","Resistant","Resistant","Resistant","Resistant","Sensitive"
"548","CAJ10I","E. coli","Sensitive","Sensitive","Resistant","Resistant","Sensitive","Sensitive"
"549","CAJ10J","E. coli","Sensitive","Sensitive","Resistant","Resistant","Resistant","Sensitive"
"550","CAJ10K","E. coli","Sensitive","Sensitive","Sensitive","Resistant","Resistant","Sensitive"
"551","CAJ10L","E. coli","Sensitive","Sensitive","Resistant","Resistant","Sensitive","Sensitive"
"552","CAJ10N","E. coli","Sensitive","Resistant","Sensitive","Resistant","Sensitive","Sensitive"
"553","CAJ10P","E. coli","Sensitive","Resistant","Resistant","Resistant","Resistant","Sensitive"
"554","CAJ10S","E. coli","Sensitive","Sensitive","Sensitive","Resistant","Resistant","Sensitive"
"555","CAJ10S","KpSC","Sensitive","Sensitive","Sensitive","Resistant","Resistant","Sensitive"
"556","CAJ10T","E. coli","Sensitive","Resistant","Resistant","Resistant","Sensitive","Sensitive"
"557","CAK101","E. coli","Sensitive","Sensitive","Sensitive","Resistant","Resistant","Sensitive"
"558","CAK103","E. coli","Sensitive","Sensitive","Resistant","Resistant","Resistant","Sensitive"
"559","CAK10P","E. coli","Sensitive","Resistant","Sensitive","Resistant","Sensitive","Sensitive"
"560","CAK10Q","E. coli","Sensitive","Resistant","Resistant","Resistant","Sensitive","Sensitive"
"561","CAK10Q","KpSC","Sensitive","Resistant","Resistant","Resistant","Resistant","Sensitive"
"562","CAK10R","E. coli","Sensitive","Sensitive","Sensitive","Resistant","Sensitive","Sensitive"
"563","CAK10S","E. coli","Sensitive","Resistant","Resistant","Resistant","Resistant","Sensitive"
"564","CAK10U","E. coli","Sensitive","Sensitive","Resistant","Resistant","Resistant","Sensitive"
"565","CAK10X","E. coli","Sensitive","Sensitive","Sensitive","Resistant","Resistant","Sensitive"
"566","CAK171","E. coli","Sensitive","Sensitive","Resistant","Resistant","Resistant","Sensitive"
"567","CAL101","E. coli","Sensitive","Sensitive","Resistant","Resistant","Sensitive","Sensitive"
"568","CAL108","E. coli","Sensitive","Sensitive","Resistant","Resistant","Resistant","Sensitive"
"569","CAL108","KpSC","Sensitive","Sensitive","Resistant","Resistant","Resistant","Sensitive"
"570","CAL10S","E. coli","Sensitive","Sensitive","Sensitive","Resistant","Sensitive","Sensitive"
"571","CAL10X","E. coli","Sensitive","Resistant","Sensitive","Resistant","Sensitive","Sensitive"
"572","CAL10Y","E. coli","Sensitive","Resistant","Resistant","Resistant","Resistant","Sensitive"
"573","CAL111","E. coli","Sensitive","Resistant","Sensitive","Resistant","Resistant","Sensitive"
"574","CAL111","KpSC","Sensitive","Resistant","Resistant","Resistant","Resistant","Sensitive"
"575","CAL115","E. coli","Sensitive","Sensitive","Resistant","Resistant","Resistant","Sensitive"
"576","CAL116","E. coli","Sensitive","Sensitive","Resistant","Resistant","Sensitive","Sensitive"
"577","CAL11A","E. coli","Sensitive","Resistant","Resistant","Resistant","Resistant","Sensitive"
"578","CAL11A","KpSC","Sensitive","Sensitive","Sensitive","Resistant","Resistant","Sensitive"
"579","CAL11B","E. coli","Sensitive","Sensitive","Sensitive","Resistant","Sensitive","Sensitive"
"580","CAL11C","E. coli","Sensitive","Resistant","Sensitive","Sensitive","Sensitive","Sensitive"
"581","CAL11C","KpSC","Sensitive","Sensitive","Sensitive","Sensitive","Resistant","Sensitive"
"582","CAL11H","E. coli","Sensitive","Resistant","Sensitive","Sensitive","Sensitive","Sensitive"
"583","CAL11H","KpSC","Sensitive","Sensitive","Sensitive","Sensitive","Resistant","Sensitive"
"584","CAL11J","E. coli","Sensitive","Sensitive","Resistant","Resistant","Resistant","Sensitive"
"585","CAL11K","E. coli","Sensitive","Sensitive","Resistant","Resistant","Sensitive","Sensitive"
"586","CAM100","E. coli","Sensitive","Sensitive","Sensitive","Resistant","Sensitive","Sensitive"
"587","CAM105","KpSC","Sensitive","Resistant",NA,"Resistant","Sensitive","Sensitive"
"588","CAM107","E. coli","Sensitive","Resistant","Sensitive","Resistant","Sensitive","Sensitive"
"589","CAM108","E. coli","Sensitive","Sensitive","Sensitive","Resistant","Sensitive","Sensitive"
"590","CAM108","KpSC","Sensitive","Sensitive","Resistant","Resistant","Resistant","Sensitive"
"591","CAM10B","E. coli","Sensitive","Sensitive","Sensitive","Resistant","Resistant","Sensitive"
"592","CAM10H","E. coli","Sensitive","Sensitive","Sensitive","Resistant","Sensitive","Sensitive"
"593","CAM10J","KpSC","Sensitive","Sensitive","Sensitive","Resistant","Sensitive","Sensitive"
"594","CAM10K","E. coli","Sensitive","Sensitive","Resistant","Resistant","Sensitive","Sensitive"
"595","CAM10P","E. coli","Sensitive","Resistant","Resistant","Resistant","Resistant","Sensitive"
"596","CAM10R","E. coli","Sensitive","Sensitive","Sensitive","Resistant","Sensitive","Sensitive"
"597","CAM10T","KpSC","Sensitive","Sensitive",NA,"Resistant","Sensitive","Sensitive"
"598","CAM10W","E. coli","Sensitive","Resistant","Sensitive","Resistant","Sensitive","Sensitive"
"599","CAM10X","E. coli","Sensitive","Resistant","Sensitive","Resistant","Sensitive","Sensitive"
"600","CAM110","E. coli","Sensitive","Sensitive","Sensitive","Resistant","Sensitive","Sensitive"
"601","CAM112","E. coli","Sensitive","Sensitive","Sensitive","Resistant","Resistant","Sensitive"
"602","CAM114","E. coli","Sensitive","Sensitive","Resistant","Resistant","Resistant","Sensitive"
"603","CAN100","KpSC","Sensitive","Sensitive","Resistant","Resistant","Resistant","Sensitive"
"604","CAN107","E. coli","Sensitive","Sensitive","Sensitive","Resistant","Sensitive","Sensitive"
"605","CAN108","E. coli","Sensitive","Resistant","Resistant","Resistant","Sensitive","Sensitive"
"606","CAN10M","E. coli","Sensitive","Sensitive","Resistant","Resistant","Resistant","Sensitive"
"607","CAN10Q","E. coli","Sensitive","Resistant","Sensitive","Resistant","Sensitive","Sensitive"
"608","CAN10W","E. coli","Sensitive","Sensitive","Sensitive","Resistant","Sensitive","Sensitive"
"609","CAN10W","KpSC","Sensitive","Resistant","Resistant","Resistant","Resistant","Sensitive"
